{
    "pred": {
      "sounds": [
        "suit/pred"
      ],
      "category": "player"
    },
    "taunt": {
      "sounds": [
        "suit/taunt"
      ],
      "category": "player"
    },
    "ill.be.back": {
      "sounds": [
        "suit/ill_be_back"
      ],
      "category": "player"
    },
    "shut.up.bitch": {
      "sounds": [
        "suit/shut_up_bitch"
      ],
      "category": "player"
    },
    "rock": {
      "sounds": [
        "suit/rock"
      ],
      "category": "player"
    }
  }
